roll_no,full_name,room_no,photo_url,email
22CS001,Aarav Rao,A-101,https://api.dicebear.com/9.x/initials/svg?seed=Aarav%20Rao,aarav.22cs001@hostel.test
22CS002,Vivaan Nair,A-101,https://api.dicebear.com/9.x/initials/svg?seed=Vivaan%20Nair,vivaan.22cs002@hostel.test
22CS003,Aditya Kulkarni,A-102,https://api.dicebear.com/9.x/initials/svg?seed=Aditya%20Kulkarni,aditya.22cs003@hostel.test
22CS004,Arjun Verma,A-102,https://api.dicebear.com/9.x/initials/svg?seed=Arjun%20Verma,arjun.22cs004@hostel.test
22CS005,Sai Iyer,A-103,https://api.dicebear.com/9.x/initials/svg?seed=Sai%20Iyer,sai.22cs005@hostel.test
22CS006,Reyansh Pillai,A-103,https://api.dicebear.com/9.x/initials/svg?seed=Reyansh%20Pillai,reyansh.22cs006@hostel.test
22CS007,Krishna Reddy,A-104,https://api.dicebear.com/9.x/initials/svg?seed=Krishna%20Reddy,krishna.22cs007@hostel.test
22CS008,Ishaan Joshi,A-104,https://api.dicebear.com/9.x/initials/svg?seed=Ishaan%20Joshi,ishaan.22cs008@hostel.test
22CS009,Rohan Banerjee,A-105,https://api.dicebear.com/9.x/initials/svg?seed=Rohan%20Banerjee,rohan.22cs009@hostel.test
22CS010,Kabir Verma,A-105,https://api.dicebear.com/9.x/initials/svg?seed=Kabir%20Verma,kabir.22cs010@hostel.test
22CS011,Ananya Mishra,A-106,https://api.dicebear.com/9.x/initials/svg?seed=Ananya%20Mishra,ananya.22cs011@hostel.test
22CS012,Diya Singh,A-106,https://api.dicebear.com/9.x/initials/svg?seed=Diya%20Singh,diya.22cs012@hostel.test
22CS013,Saanvi Verma,A-107,https://api.dicebear.com/9.x/initials/svg?seed=Saanvi%20Verma,saanvi.22cs013@hostel.test
22CS014,Aadhya Iyer,A-107,https://api.dicebear.com/9.x/initials/svg?seed=Aadhya%20Iyer,aadhya.22cs014@hostel.test
22CS015,Myra Menon,A-108,https://api.dicebear.com/9.x/initials/svg?seed=Myra%20Menon,myra.22cs015@hostel.test
22EC001,Priya Menon,B-101,https://api.dicebear.com/9.x/initials/svg?seed=Priya%20Menon,priya.22ec001@hostel.test
22EC002,Kavya Iyer,B-101,https://api.dicebear.com/9.x/initials/svg?seed=Kavya%20Iyer,kavya.22ec002@hostel.test
22EC003,Isha Patel,B-102,https://api.dicebear.com/9.x/initials/svg?seed=Isha%20Patel,isha.22ec003@hostel.test
22EC004,Riya Iyer,B-102,https://api.dicebear.com/9.x/initials/svg?seed=Riya%20Iyer,riya.22ec004@hostel.test
22EC005,Meera Pillai,B-103,https://api.dicebear.com/9.x/initials/svg?seed=Meera%20Pillai,meera.22ec005@hostel.test
22EC006,Rahul Menon,B-103,https://api.dicebear.com/9.x/initials/svg?seed=Rahul%20Menon,rahul.22ec006@hostel.test
22EC007,Nikhil Verma,B-104,https://api.dicebear.com/9.x/initials/svg?seed=Nikhil%20Verma,nikhil.22ec007@hostel.test
22EC008,Harsh Banerjee,B-104,https://api.dicebear.com/9.x/initials/svg?seed=Harsh%20Banerjee,harsh.22ec008@hostel.test
22EC009,Yash Reddy,B-105,https://api.dicebear.com/9.x/initials/svg?seed=Yash%20Reddy,yash.22ec009@hostel.test
22EC010,Tanvi Patel,B-105,https://api.dicebear.com/9.x/initials/svg?seed=Tanvi%20Patel,tanvi.22ec010@hostel.test
22EC011,Sneha Banerjee,B-106,https://api.dicebear.com/9.x/initials/svg?seed=Sneha%20Banerjee,sneha.22ec011@hostel.test
22EC012,Pooja Verma,B-106,https://api.dicebear.com/9.x/initials/svg?seed=Pooja%20Verma,pooja.22ec012@hostel.test
22EC013,Karan Banerjee,B-107,https://api.dicebear.com/9.x/initials/svg?seed=Karan%20Banerjee,karan.22ec013@hostel.test
22EC014,Dev Banerjee,B-107,https://api.dicebear.com/9.x/initials/svg?seed=Dev%20Banerjee,dev.22ec014@hostel.test
22EC015,Neha Kulkarni,B-108,https://api.dicebear.com/9.x/initials/svg?seed=Neha%20Kulkarni,neha.22ec015@hostel.test
